"FITC-A","mCherry-A"
840,827
835,832
692,854
885,848
853,833
861,866
771,781
864,881
888,842
666,859
771,733
747,807
776,770
806,808
897,907
737,846
770,874
782,800
816,836
838,833
667,728
898,869
868,860
784,894
877,855
843,823
840,867
682,710
763,747
812,899
741,807
845,875
888,896
666,841
736,849
668,731
873,839
794,895
766,880
847,819
805,853
732,878
675,778
656,803
802,757
842,830
869,852
877,849
663,703
732,800
685,788
694,783
896,870
839,847
797,772
690,809
743,778
801,813
731,772
724,716
899,877
858,813
786,806
862,854
686,813
721,814
767,768
793,865
766,745
854,848
848,842
802,784
732,826
731,777
858,835
674,699
895,886
898,870
675,810
793,836
773,901
761,744
668,797
740,749
819,842
800,792
672,859
788,832
697,796
714,841
676,839
728,801
816,847
875,847
678,783
812,810
830,818
884,834
879,896
733,760
811,815
872,884
646,697
805,808
721,686
666,762
787,764
747,848
822,833
758,822
749,813
824,785
814,750
767,838
829,858
756,769
781,876
901,899
710,798
748,875
767,806
891,845
708,758
700,757
668,685
743,775
702,789
720,808
775,824
858,839
776,722
888,824
756,822
709,815
693,773
887,820
770,859
709,754
788,850
855,797
861,880
731,777
830,800
905,892
717,762
743,822
704,801
729,874
716,771
710,849
792,881
797,830
714,797
836,813
665,854
644,781
732,708
730,735
692,771
899,879
881,834
839,781
861,892
645,697
817,829
796,842
728,779
775,812
897,852
671,705
822,800
792,810
749,846
698,753
777,875
850,822
816,839
810,833
843,835
839,783
766,866
725,787
776,775
823,881
781,813
769,760
665,857
752,830
873,817
800,893
798,854
815,841
899,890
813,811
712,851
692,684
731,686
710,695
680,792
862,904
816,834
834,846
683,794
868,813
725,787
850,862
812,850
846,803
711,854
723,762
852,864
666,820
724,869
885,868
870,875
777,788
814,875
805,769
858,840
776,890
850,819
666,823
759,790
652,745
831,866
822,836
849,875
761,766
791,891
764,793
769,734
802,825
655,752
875,855
654,776
709,844
760,797
678,850
785,799
856,870
848,803
806,766
836,877
866,844
697,787
745,740
756,818
871,869
799,849
728,698
836,860
817,781
835,837
740,813
701,837
650,766
699,741
836,792
722,802
684,837
892,864
826,869
820,799
892,896
784,761
781,781
848,892
738,804
823,779
881,862
813,873
799,773
862,882
879,911
793,816
840,876
749,715
807,805
785,874
677,703
775,787
865,870
726,812
801,829
883,904
894,885
862,875
808,787
795,828
902,888
683,831
647,823
882,865
882,828
906,905
686,763
777,711
826,853
785,845
781,740
711,782
703,801
651,761
722,824
650,798
782,841
772,841
659,779
809,773
814,745
809,849
772,730
696,821
668,724
827,834
828,798
770,878
838,786
775,856
849,882
655,803
894,835
806,904
874,884
839,817
869,894
752,860
825,897
797,790
656,830
870,903
827,816
754,808
781,758
775,848
907,904
858,825
805,814
708,834
841,868
884,872
844,864
852,885
751,858
707,783
745,769
865,906
796,794
808,893
697,806
841,899
689,864
898,882
669,749
794,831
814,829
767,779
657,801
732,785
887,911
899,891
859,846
882,878
655,742
843,894
675,759
681,771
811,786
776,765
677,717
774,771
823,833
798,829
707,860
831,875
682,756
786,804
891,900
874,884
850,850
817,786
755,772
860,836
854,850
684,768
665,810
886,845
862,864
817,812
714,791
746,758
842,777
787,745
823,823
792,878
910,908
656,689
810,848
744,849
772,739
879,907
853,879
657,854
757,759
851,840
714,754
727,836
838,782
804,815
832,780
849,878
746,842
895,888
752,804
777,845
790,893
742,820
752,797
650,768
850,891
687,809
704,875
747,723
806,862
715,811
876,830
767,798
759,802
826,889
714,858
780,753
880,884
746,872
790,750
892,891
704,883
863,857
707,803
705,790
739,717
902,867
807,846
877,893
866,809
727,866
718,729
887,870
830,772
721,739
826,845
816,787
873,850
802,834
893,889
853,893
689,829
893,884
862,850
678,785
714,839
680,846
886,884
861,818
887,900
840,880
823,833
807,864
714,759
874,869
752,782
863,858
688,822
903,885
750,785
793,867
854,824
808,840
789,891
755,791
732,704
759,809
702,728
901,906
788,854
702,755
837,873
885,860
784,832
679,727
738,860
839,840
796,728
777,783
744,744
739,773
811,847
784,843
855,836
678,719
901,885
826,859
782,852
837,875
668,686
686,725
867,864
765,831
667,686
764,847
883,881
902,908
870,846
759,858
872,869
654,782
828,765
771,779
738,718
770,857
650,741
870,810
897,886
837,815
888,905
900,874
838,874
905,892
851,791
900,905
713,814
896,886
769,806
731,775
710,802
894,845
684,719
867,909
685,787
783,759
892,893
885,863
815,834
755,873
840,813
831,769
656,796
863,805
691,702
654,699
792,813
668,789
712,803
870,859
769,813
899,899
769,878
839,888
750,878
742,705
783,879
887,866
720,797
855,830
841,878
847,876
900,879
846,816
877,864
892,905
738,791
812,856
889,837
736,816
733,778
889,870
743,827
771,851
834,855
859,876
844,851
900,880
828,841
859,891
864,886
752,825
889,891
743,817
664,780
825,845
728,811
680,862
779,796
727,705
707,688
857,839
872,877
645,806
817,775
705,814
831,873
891,878
882,897
693,796
706,837
821,892
725,812
725,784
839,836
853,837
805,764
734,783
735,734
736,800
716,860
808,804
709,756
770,838
666,792
756,737
787,850
842,869
845,835
706,793
771,794
791,774
867,860
879,904
828,874
878,894
810,850
868,887
848,885
770,867
807,854
846,814
851,865
730,847
896,902
855,878
758,866
757,738
874,855
719,745
757,851
820,867
897,881
799,815
870,854
763,819
849,862
896,870
828,871
842,823
758,746
737,818
690,818
800,883
742,781
906,896
661,868
654,781
861,871
750,778
651,790
703,794
702,754
737,725
739,742
722,745
648,789
721,690
684,828
832,819
768,815
851,881
835,891
894,899
776,814
819,832
825,881
877,891
750,819
765,796
672,726
777,826
786,893
771,868
695,742
698,816
828,829
776,866
859,887
791,799
834,836
856,850
720,775
656,800
806,834
854,840
895,850
760,872
886,865
783,726
744,715
904,884
831,791
665,860
744,796
901,897
868,876
734,832
799,859
806,879
801,792
780,793
760,726
682,869
863,878
850,851
765,759
837,798
682,818
717,858
871,909
862,805
735,771
754,779
712,792
732,823
899,892
734,802
829,808
881,903
683,726
738,814
861,820
761,845
800,773
839,837
650,772
889,890
814,900
889,870
768,861
757,829
685,855
891,884
879,850
817,836
684,719
898,886
676,797
903,898
723,792
700,864
742,831
726,809
778,792
816,862
833,856
695,798
681,758
675,771
784,730
722,830
713,713
680,730
848,817
771,715
879,849
889,906
834,847
815,820
889,844
698,875
851,894
702,831
784,867
813,774
698,808
742,810
800,847
808,821
692,796
657,813
808,814
765,792
667,832
875,870
694,836
803,742
877,835
816,801
757,858
788,829
845,832
756,838
807,845
721,833
739,778
901,906
681,800
904,887
756,774
684,706
678,739
830,863
799,855
742,761
695,834
821,861
802,825
733,772
775,829
719,774
839,826
864,883
664,721
869,871
742,701
768,815
815,805
803,850
692,761
861,875
714,768
746,692
686,842
749,849
801,819
772,775
896,907
787,874
688,830
877,898
690,779
902,902
808,843
758,838
838,861
876,839
730,824
898,851
649,798
698,830
730,879
731,810
778,772
718,759
798,845
813,786
848,899
652,840
786,770
662,734
896,841
902,883
847,903
721,837
718,833
650,826
805,802
828,804
694,807
896,892
845,806
652,793
753,756
757,825
677,708
871,857
715,761
698,795
683,869
876,897
788,840
697,872
846,801
775,769
793,879
858,833
830,819
803,803
689,730
787,898
700,822
702,730
744,762
794,811
767,861
817,832
771,761
710,768
820,812
645,797
660,842
781,849
727,790
680,806
730,852
705,825
716,791
877,877
646,794
834,789
669,783
796,759
854,880
838,870
700,814
808,801
785,719
836,786
774,741
858,882
872,813
743,794
854,855
837,818
899,904
811,881
869,893
885,900
849,821
861,810
886,870
851,877
903,884
874,883
855,881
902,892
888,877
729,706
891,861
756,802
843,822
665,701
844,798
840,795
755,882
788,895
763,803
751,836
757,837
779,894
675,697
690,758
661,817
669,761
868,894
830,833
858,816
729,744
690,711
763,795
775,814
877,850
900,907
668,828
844,849
793,740
770,821
704,745
826,826
646,704
906,909
693,812
816,759
865,821
765,824
880,882
668,758
652,704
731,857
834,859
740,815
727,840
685,840
895,849
668,716
746,688
771,835
799,818
821,839
880,844
810,754
887,900
701,691
836,845
659,795
755,832
853,886
749,824
789,893
817,881
844,827
876,821
760,761
783,767
850,868
852,796
886,884
895,893
781,824
742,834
703,763
854,874
758,742
772,826
760,757
739,861
842,846
854,869
763,714
747,809
800,850
889,896
740,786
852,896
731,805
864,818
712,862
747,795
779,791
873,890
823,802
651,827
824,823
763,829
805,901
711,831
835,849
796,830
874,880
692,781
801,846
866,880
675,865
745,868
814,815
776,880
893,894
773,826
845,821
699,829
810,830
853,831
834,900
763,824
659,808
720,812
762,811
695,689
665,752
772,818
747,873
712,745
720,834
702,814
825,839
890,831
849,895
762,799
797,776
840,836
779,830
787,820
803,811
712,799
815,851
797,885
707,811
649,728
769,815
685,862
846,851
769,769
693,722
777,807
878,853
764,843
723,850
824,808
836,869
688,713
711,883
806,840
815,858
866,888
834,880
873,818
735,805
887,858
801,793
666,835
734,790
705,763
859,861
689,711
754,778
824,773
744,797
765,858
700,883
811,867
794,880
660,798
709,792
825,880
807,890
850,857
818,834
761,758
743,802
709,858
703,820
891,894
684,835
901,886
862,862
847,903
751,740
854,806
793,810
856,888
774,761
835,865
838,871
733,795
757,805
658,776
655,768
833,858
848,881
725,846
749,830
675,767
779,900
659,710
836,873
886,832
780,785
812,796
709,812
649,803
689,837
869,879
820,875
882,825
714,770
748,804
824,858
904,891
705,852
824,849
887,864
838,774
808,860
890,859
874,871
783,775
648,695
645,706
764,799
853,867
872,885
736,700
750,739
857,851
793,732
866,842
777,740
839,882
815,839
838,845
669,799
852,862
654,733
665,823
880,820
821,853
743,765
713,759
746,805
880,833
867,871
903,871
873,818
775,857
713,768
851,823
826,846
766,794
764,794
895,908
724,839
876,907
740,748
815,899
666,837
864,857
741,838
845,796
808,824
696,841
773,864
861,870
782,746
897,832
710,830
742,884
679,691
686,850
679,749
790,748
805,798
794,858
841,791
719,811
707,814
815,848
888,900
855,811
817,798
743,784
809,757
804,793
703,795
834,836
651,794
697,840
758,882
682,801
799,903
815,782
804,737
748,850
859,873
671,746
750,786
661,832
804,864
808,850
848,785
721,820
744,717
865,877
902,900
850,897
862,840
884,894
853,870
860,855
873,888
795,736
850,850
856,876
736,868
885,849
792,786
878,869
711,829
785,839
796,865
806,907
732,863
882,851
655,777
762,821
828,884
667,770
755,753
852,815
876,838
754,767
743,755
755,778
770,848
858,821
890,895
874,866
759,747
884,892
783,844
821,865
818,903
833,851
740,758
762,703
856,875
875,906
748,739
692,821
841,810
889,903
863,891
726,817
773,704
810,882
699,842
890,910
784,851
650,839
867,843
801,888
687,810
844,889
808,789
764,789
789,791
838,882
686,814
746,833
823,768
794,833
834,884
672,779
878,903
799,869
644,765
802,814
694,803
905,895
783,844
836,860
870,812
843,872
843,802
899,908
902,902
826,847
845,841
743,821
844,894
759,778
681,833
807,792
895,829
707,852
843,871
749,868
697,799
704,708
875,841
826,799
879,854
883,878
759,861
797,733
826,873
860,891
827,856
720,810
785,881
817,807
794,812
770,839
854,890
701,756
744,881
829,792
736,826
779,830
814,880
783,828
873,859
790,879
893,870
889,834
885,887
750,852
676,691
824,845
816,864
892,849
860,864
777,794
693,742
806,833
832,905
691,811
901,911
767,828
665,869
799,834
854,904
855,884
803,889
878,875
716,766
846,814
838,910
672,862
767,723
807,862
785,840
794,830
906,901
790,893
894,879
826,900
790,822
710,779
799,801
858,902
902,893
743,718
752,758
744,760
671,767
902,860
650,840
878,900
847,833
887,894
871,907
709,777
724,839
832,865
662,718
688,796
894,911
862,888
731,702
649,694
664,740
706,793
762,793
738,849
818,854
884,892
773,851
902,907
692,793
725,823
699,876
704,777
715,770
768,833
903,892
870,887
834,859
683,869
810,755
675,818
807,836
827,857
806,846
797,826
835,851
805,833
702,752
845,829
749,820
821,821
704,830
888,882
859,874
764,787
823,760
793,815
804,741
873,883
833,827
854,885
774,784
822,753
846,845
785,718
870,847
835,876
743,788
648,822
733,769
790,886
841,838
783,732
648,819
672,776
887,870
743,839
830,872
895,847
851,885
800,807
750,847
859,900
867,853
780,885
863,855
658,789
884,856
883,892
847,862
874,849
856,872
880,877
726,798
857,858
853,907
717,719
772,791
774,850
806,863
683,777
665,780
807,849
840,804
653,827
773,812
834,901
748,860
854,888
844,797
765,797
736,800
724,813
780,835
673,833
876,884
650,833
782,846
890,891
660,755
827,897
851,881
832,894
692,784
884,906
651,728
791,867
842,856
687,806
655,838
887,902
737,712
852,858
875,833
887,844
779,815
712,713
825,831
805,848
848,829
768,804
771,852
803,860
891,899
719,856
669,809
837,851
779,804
651,842
777,890
752,743
863,896
827,908
760,760
813,878
903,871
713,705
764,799
868,844
702,811
893,848
698,778
684,764
681,778
859,897
889,867
850,836
890,848
728,888
686,774
872,878
851,877
711,779
661,843
745,734
764,846
762,843
782,826
895,898
816,853
889,911
753,792
851,893
863,887
840,892
825,817
700,823
826,838
756,893
902,881
851,910
821,889
761,823
715,732
653,751
841,808
802,815
720,796
853,872
781,839
681,827
800,866
858,841
796,818
886,889
701,764
698,741
898,890
764,886
757,765
750,878
810,784
756,845
797,787
743,826
845,822
812,745
672,836
801,863
848,816
673,688
694,752
844,848
761,890
791,856
728,745
875,890
773,853
749,867
840,839
760,868
794,831
893,839
779,781
709,882
829,765
726,784
785,744
849,845
827,856
864,887
733,771
865,911
727,818
746,745
741,891
762,809
781,886
879,848
818,884
654,805
707,835
713,852
840,869
735,812
885,884
710,773
678,810
755,853
882,816
858,862
729,808
655,722
847,839
840,798
864,876
725,744
670,854
693,835
671,688
733,810
873,890
737,730
680,824
715,717
841,855
893,892
890,870
837,849
803,880
681,820
773,899
673,800
717,817
891,904
816,853
862,868
850,870
811,833
748,837
852,873
724,813
796,823
716,766
773,792
797,850
833,897
880,879
709,854
801,740
682,716
875,897
885,901
705,817
812,802
735,877
661,750
772,801
752,843
822,855
649,799
746,752
669,750
665,801
784,821
885,837
846,823
863,886
757,779
829,908
733,784
823,821
719,845
742,833
648,837
699,706
708,831
771,795
842,859
710,844
831,851
797,809
693,837
798,812
657,776
758,719
749,835
888,908
899,895
851,844
859,852
868,847
868,875
816,824
672,831
776,729
873,893
824,852
711,820
749,824
752,811
906,903
792,857
782,828
884,901
884,893
795,874
879,882
816,904
688,813
717,733
829,889
903,895
836,852
819,864
795,838
798,781
840,857
683,857
776,837
722,714
866,854
693,759
843,821
715,829
648,769
808,903
762,864
653,702
787,800
662,753
758,713
649,815
843,816
815,887
788,807
656,818
800,806
851,891
843,840
718,804
813,829
874,885
828,853
726,759
741,823
708,698
901,904
653,791
746,820
768,733
900,885
850,873
873,892
661,742
875,852
782,827
761,833
879,839
823,851
867,896
656,779
720,771
758,841
777,825
763,789
892,879
720,784
696,719
807,794
771,705
655,762
690,864
759,854
777,844
882,829
649,698
823,850
752,849
855,874
861,878
681,810
792,891
804,891
901,903
721,791
646,832
665,765
761,773
748,812
814,824
750,856
846,887
757,844
889,894
737,853
774,858
714,699
894,875
805,819
753,762
820,757
899,900
857,819
893,857
778,807
720,784
651,725
875,860
806,839
659,846
790,757
743,788
691,846
843,848
796,835
716,872
880,911
850,869
887,859
835,774
847,852
845,904
660,824
900,882
799,738
710,848
891,910
772,863
733,841
701,836
743,689
851,890
655,803
856,878
852,800
866,903
885,890
807,858
788,821
730,723
695,807
788,830
690,864
822,823
892,879
776,781
823,860
768,709
711,718
897,884
818,848
750,853
683,826
824,857
763,837
809,850
786,830
721,855
863,852
896,879
828,792
853,830
715,763
794,881
831,838
816,849
655,751
828,819
869,890
820,896
849,874
675,850
797,877
842,876
748,851
851,822
723,720
774,754
829,895
889,845
890,864
733,752
836,864
862,883
720,815
728,875
757,762
880,891
670,821
854,910
649,787
812,853
766,728
717,794
717,802
894,904
899,905
859,827
645,776
877,851
798,810
750,812
827,793
852,834
817,822
726,835
870,858
829,845
740,772
704,823
768,860
788,798
847,814
645,809
707,877
688,838
741,824
695,686
867,860
899,834
759,692
662,684
759,765
687,828
846,838
800,837
679,772
795,770
808,896
846,832
745,793
711,763
839,837
744,801
806,897
810,822
743,703
677,774
859,860
841,873
858,846
656,763
787,852
741,709
695,837
902,861
826,852
732,761
663,867
902,909
848,882
809,868
673,872
681,759
724,772
878,843
814,808
819,837
667,739
693,878
678,851
732,813
670,810
691,832
843,827
801,823
899,901
851,843
663,755
721,793
884,880
793,854
902,887
822,809
736,723
772,817
870,886
766,822
767,823
780,819
728,854
880,883
774,843
843,836
672,824
712,858
661,736
843,871
695,776
783,805
891,861
866,832
736,851
776,773
850,877
895,906
706,810
698,851
816,856
768,809
742,765
791,898
761,730
885,862
884,892
870,835
842,815
903,862
767,841
767,861
849,882
771,856
857,817
745,697
678,695
790,839
716,765
861,864
804,842
686,853
823,851
874,881
731,801
886,895
890,863
853,880
850,867
740,708
704,820
657,773
658,821
774,861
845,873
686,847
751,881
827,878
830,842
665,696
813,780
764,787
777,809
831,849
694,855
663,760
733,776
725,856
874,845
651,776
692,802
682,795
798,800
733,786
714,850
665,770
731,703
902,883
659,743
888,848
806,873
760,774
728,763
665,792
779,835
886,893
899,860
839,799
874,852
765,843
849,852
652,703
682,744
822,873
798,751
719,800
806,749
818,874
796,835
654,794
773,789
753,834
899,904
666,843
854,846
768,858
797,890
903,884
724,838
790,840
737,727
729,712
861,844
853,874
748,805
807,747
885,896
686,743
869,845
703,716
891,880
645,776
686,777
829,855
685,695
888,908
750,759
712,713
883,870
892,861
679,787
731,851
862,841
793,827
827,844
855,851
743,846
886,900
848,888
775,841
754,761
804,826
730,874
860,831
742,815
651,749
858,833
690,715
882,846
832,853
751,740
676,790
877,892
669,699
806,796
754,783
759,808
769,835
895,910
646,722
758,806
723,830
902,896
785,822
715,837
708,830
791,796
703,797
868,887
688,836
711,769
851,866
756,870
889,907
725,815
833,877
719,855
809,826
857,809
759,816
843,865
867,910
805,801
899,875
824,796
657,771
751,894
844,854
814,841
816,873
788,741
705,868
677,866
704,875
860,800
856,884
781,768
866,847
653,837
870,876
651,703
864,886
892,905
892,880
688,746
749,839
698,821
748,773
709,731
739,859
853,872
779,849
819,818
740,806
850,860
787,814
774,824
810,847
804,901
838,793
726,865
846,789
818,814
895,866
791,808
676,710
789,755
821,767
876,863
652,800
793,809
803,878
706,782
753,689
744,794
896,905
852,863
873,816
811,805
683,785
880,863
849,909
835,828
710,815
761,758
787,903
811,906
728,708
841,880
821,870
804,799
768,856
727,751
733,825
736,848
714,746
670,792
793,779
837,874
707,697
645,832
907,900
855,862
764,826
765,766
752,710
690,786
724,801
798,856
685,789
832,858
668,732
644,732
769,804
861,886
800,853
750,809
813,880
875,828
707,751
764,829
773,711
764,771
876,856
702,844
653,830
782,816
773,861
703,776
832,795
857,821
868,871
782,738
785,821
866,848
769,814
751,761
900,874
713,747
862,857
853,876
861,886
814,845
754,828
885,869
678,814
888,852
911,909
765,849
845,845
792,780
773,843
907,902
726,774
709,699
660,749
706,869
669,780
898,899
701,790
871,863
793,822
876,843
894,864
745,765
839,874
878,853
760,848
791,843
712,823
856,816
666,690
668,776
778,734
861,869
787,821
776,882
844,851
683,843
749,878
891,861
759,765
649,858
853,845
789,766
883,840
731,812
831,819
750,852
662,804
865,860
841,834
905,901
809,817
729,810
886,901
728,856
777,709
653,754
851,851
695,859
774,819
874,885
656,801
784,819
763,745
727,774
851,895
885,896
665,820
752,712
848,816
827,801
806,890
746,879
747,857
759,716
898,841
667,848
850,856
824,837
731,824
661,783
744,725
755,719
906,895
749,690
652,728
796,855
875,897
871,816
841,867
818,837
707,796
766,893
797,777
800,852
686,780
649,866
708,752
660,711
873,842
694,841
675,862
788,845
725,758
867,803
721,845
873,890
874,857
792,840
773,772
662,800
774,814
650,705
782,864
721,798
849,788
745,748
694,723
848,874
743,833
824,899
782,890
684,773
789,905
693,797
869,836
889,883
825,849
772,884
788,748
786,888
903,875
754,791
857,794
884,890
747,865
659,743
870,898
728,808
807,836
889,898
849,876
749,864
693,741
666,766
895,908
804,747
752,811
789,853
883,885
827,893
866,872
883,835
778,811
676,739
878,891
764,752
735,730
906,909
661,770
735,789
655,702
847,887
785,849
820,831
746,840
681,783
735,752
677,777
800,815
701,755
700,864
765,795
752,778
704,781
844,846
884,874
681,737
805,803
736,870
745,880
724,778
894,898
681,852
895,857
687,686
809,823
706,855
769,803
741,769
850,867
856,878
831,894
903,863
845,839
853,840
658,817
775,834
802,850
831,779
684,796
700,694
788,757
676,821
749,779
684,796
823,848
857,848
816,837
861,882
837,833
882,854
783,865
826,899
869,905
718,862
879,859
808,783
662,789
749,820
880,879
746,740
782,827
646,840
863,883
695,831
790,829
740,813
909,910
713,769
818,904
809,785
671,812
831,903
889,880
774,869
897,902
855,875
773,730
656,852
763,773
777,720
755,832
761,860
888,841
740,871
731,876
680,779
834,833
801,750
830,864
669,775
779,768
757,774
865,863
756,781
671,861
774,763
839,876
898,885
791,729
675,790
802,775
872,885
834,835
715,749
827,866
825,894
882,837
820,837
816,852
775,847
820,824
819,759
902,910
791,767
787,870
874,877
826,795
788,880
693,826
825,855
672,791
769,705
852,847
770,758
677,845
789,763
858,824
848,879
680,791
731,833
789,813
827,845
725,745
753,686
713,860
724,760
876,874
874,900
690,829
792,760
809,854
841,888
718,844
807,814
847,888
657,798
803,852
863,878
760,773
660,742
787,739
659,833
735,686
644,707
768,850
770,830
718,819
716,717
874,840
657,703
818,847
778,852
885,870
814,865
794,824
729,706
813,852
890,875
806,764
682,838
844,869
800,848
769,811
756,757
760,792
710,838
681,836
664,791
884,890
742,882
713,832
821,832
875,842
745,878
825,860
735,693
879,862
711,769
822,893
788,836
808,857
870,866
844,880
837,787
891,890
777,792
830,818
875,894
738,814
656,717
889,871
741,724
859,846
680,786
777,794
738,873
742,860
794,905
897,910
782,830
726,744
840,822
883,836
667,853
870,904
820,863
862,814
860,822
721,748
786,886
872,908
771,816
861,884
695,808
877,849
872,885
658,692
826,756
762,834
889,869
887,896
797,816
666,737
880,901
686,749
784,857
819,778
790,836
869,901
790,855
850,845
729,779
683,870
747,836
872,902
830,876
766,863
730,752
809,774
785,778
891,878
902,894
703,862
649,791
868,896
851,834
764,700
702,836
710,801
889,868
835,837
703,818
906,895
885,868
859,872
858,801
713,803
867,865
901,899
877,865
676,784
759,846
792,762
895,888
773,759
872,893
865,874
780,834
742,834
699,819
683,685
848,858
844,859
761,826
681,853
762,776
893,880
694,850
690,778
832,790
905,887
727,882
768,827
792,779
691,697
742,803
808,799
762,766
902,872
843,863
826,829
875,898
680,806
844,861
852,908
822,819
757,805
652,777
836,846
789,830
775,764
727,778
862,842
908,910
851,881
799,886
696,851
871,846
889,852
825,854
686,747
865,888
694,773
711,800
854,865
788,905
776,829
848,804
870,910
678,791
807,738
672,787
694,849
722,885
685,816
853,853
656,696
789,832
766,811
818,893
799,740
870,884
844,830
893,876
682,862
777,746
897,838
665,855
702,824
817,760
760,844
837,859
707,813
885,860
766,822
757,749
850,855
818,872
781,819
865,843
776,835
836,850
818,831
763,784
885,885
855,898
725,802
842,838
644,792
844,810
773,846
772,814
815,777
847,880
660,701
813,849
867,804
844,796
776,872
748,776
888,860
900,885
801,738
766,723
771,829
776,852
748,805
650,782
798,736
680,787
720,789
736,780
665,690
756,804
746,709
829,772
865,844
779,828
709,797
813,845
715,816
817,851
681,696
795,836
769,710
726,779
883,887
856,874
719,699
826,858
709,767
670,778
698,800
706,778
758,778
745,842
803,848
705,776
722,840
798,808
773,740
889,888
782,826
740,744
781,796
741,835
749,840
846,897
903,892
848,847
841,876
820,892
673,814
864,890
875,869
834,865
748,869
842,888
692,861
837,864
873,891
898,906
846,867
789,822
853,872
792,832
830,827
888,893
821,857
873,907
850,827
786,759
724,856
660,770
816,812
770,740
779,814
850,894
834,871
815,797
876,883
816,813
669,732
717,768
771,756
861,874
795,907
695,798
718,697
692,850
906,886
869,898
807,840
827,796
823,874
673,744
832,814
851,867
754,822
861,811
706,733
758,739
742,876
722,771
835,854
882,888
746,751
877,854
889,905
716,751
869,836
890,884
820,844
683,803
757,793
773,805
746,793
663,794
780,802
733,730
880,891
833,867
810,810
819,764
678,729
864,894
741,774
863,837
838,859
896,871
746,848
815,847
846,866
698,784
882,888
812,823
690,755
651,836
835,863
854,869
811,834
847,818
882,886
737,811
862,846
739,871
756,878
738,860
790,826
740,771
756,831
678,777
731,777
815,821
687,786
840,868
768,763
673,700
783,830
784,728
664,794
729,887
841,856
899,851
783,901
853,834
707,766
689,860
822,897
810,823
791,809
858,836
859,841
684,785
706,801
751,874
747,781
826,776
726,806
809,848
891,871
860,810
774,790
822,856
745,782
835,853
832,828
672,818
662,728
720,768
761,801
762,892
766,840
792,874
771,726
672,800
754,773
689,804
791,793
823,803
734,729
860,804
887,854
855,880
697,803
659,813
656,706
645,696
819,854
829,812
831,908
769,839
910,911
861,893
709,765
862,831
665,869
823,857
808,805
758,825
746,861
855,889
801,877
823,835
767,814
666,849
788,812
797,799
732,713
723,841
820,808
811,892
803,832
686,824
868,880
666,822
672,788
897,900
718,770
682,786
767,739
876,868
852,841
807,898
775,840
801,778
881,858
707,870
720,813
851,852
718,789
746,719
837,848
862,832
781,788
873,883
839,838
873,847
739,808
849,829
744,779
663,869
670,828
820,863
774,812
807,853
656,730
878,842
806,889
844,833
647,836
867,894
754,702
715,820
767,842
753,842
894,857
728,873
768,834
649,818
707,837
760,804
707,744
698,869
714,850
760,729
764,833
780,828
807,796
881,852
832,851
901,893
713,818
768,780
770,805
758,830
900,863
694,766
812,811
800,747
875,881
743,700
703,784
838,895
903,879
714,826
738,780
685,812
809,905
801,871
743,853
854,863
895,852
869,899
661,840
788,907
758,858
670,756
751,803
731,831
798,799
736,753
791,859
832,859
781,830
715,814
805,896
712,685
896,879
736,877
795,808
886,907
819,866
811,886
672,828
784,862
844,814
845,822
691,724
882,895
841,825
672,800
800,898
660,711
829,860
699,772
858,839
849,869
872,876
895,876
806,860
717,792
856,838
795,807
695,803
763,864
901,881
655,728
687,775
656,731
809,897
730,705
791,808
834,851
846,814
873,863
855,845
845,829
890,896
816,862
869,805
885,885
764,878
903,904
857,809
830,825
723,722
844,844
736,809
730,866
856,846
717,821
765,811
757,797
858,808
796,797
648,837
690,851
792,858
773,895
801,838
818,886
777,817
702,819
741,707
724,819
739,790
672,792
694,832
687,787
748,777
776,815
890,881
687,721
708,834
678,857
835,853
657,692
692,725
698,867
831,843
857,830
725,722
886,874
750,847
726,867
851,887
697,781
745,815
769,702
859,907
655,776
699,877
820,855
892,877
844,852
818,869
813,890
804,740
721,870
654,820
892,884
689,722
674,732
737,883
733,748
649,765
811,829
855,884
837,870
736,859
721,772
864,823
744,846
683,701
686,826
881,886
743,866
726,791
850,853
902,890
680,802
851,828
680,731
692,865
690,815
891,885
897,864
666,794
792,757
865,891
825,874
779,780
648,812
891,868
782,830
756,798
797,810
772,752
815,882
902,871
684,847
830,874
729,687
732,868
824,829
807,857
749,794
687,811
867,891
738,797
724,867
678,853
890,901
823,824
848,871
876,891
781,825
650,734
780,742
844,797
823,828
815,837
692,702
871,860
682,822
832,875
847,885
708,769
853,878
781,801
826,904
742,815
768,758
842,844
856,882
673,816
893,910
736,806
720,819
688,837
859,824
897,909
711,841
671,765
738,794
778,838
907,895
729,835
835,774
707,825
797,766
819,850
752,817
813,868
800,854
716,868
754,806
735,740
883,879
833,788
820,868
811,862
767,726
853,880
888,881
755,760
735,846
894,887
657,787
825,846
798,829
901,891
679,791
804,808
792,747
868,844
739,701
863,876
887,871
878,897
800,830
674,704
887,862
760,816
828,764
817,811
755,700
870,849
906,910
892,910
903,892
877,822
809,757
863,856
835,830
887,875
772,856
768,793
755,814
897,883
866,872
901,873
911,910
697,725
857,841
698,823
761,722
863,810
835,861
811,844
857,817
671,839
892,837
858,846
667,870
735,842
805,790
822,849
827,883
877,900
766,816
675,719
666,692
783,826
771,808
820,792
807,836
881,881
844,860
744,721
748,727
869,888
644,851
859,902
716,784
858,874
906,901
690,864
718,883
882,900
752,701
894,830
783,815
850,832
756,766
735,818
871,837
864,909
828,835
671,813
839,849
867,833
765,833
764,749
876,874
806,851
758,727
768,743
808,884
791,844
686,731
661,852
769,808
759,791
727,860
876,875
792,771
876,884
766,781
868,847
719,745
878,819
840,882
893,909
852,857
746,869
686,760
901,887
831,823
698,871
694,715
822,863
671,806
710,765
820,900
813,810
700,730
820,775
833,779
867,858
743,699
853,902
677,761
869,872
812,772
733,808
872,856
649,769
774,775
752,837
794,785
841,900
711,871
718,851
828,819
897,845
729,788
714,777
847,840
774,838
812,794
845,855
696,845
760,830
721,782
693,859
894,908
768,874
652,712
887,845
787,853
826,861
782,796
736,774
906,904
731,837
726,821
909,908
716,766
880,907
872,847
777,799
744,861
832,842
806,810
831,835
795,835
685,838
893,866
799,788
715,805
813,835
889,866
785,857
745,844
696,824
743,868
842,788
820,839
882,863
896,905
742,887
889,862
705,848
904,887
678,780
825,881
782,763
794,867
684,691
792,896
859,855
698,741
737,858
891,877
711,787
728,771
665,776
850,851
688,854
891,883
700,728
779,893
869,906
768,813
684,843
793,858
853,796
724,878
783,890
735,843
839,787
836,866
716,805
834,901
737,763
789,848
817,911
716,817
718,751
775,824
786,726
867,850
897,871
806,786
666,853
846,856
761,781
773,805
671,822
820,821
860,828
753,733
783,853
785,852
806,863
841,876
723,881
785,768
790,809
755,792
743,838
659,805
820,852
713,710
886,821
673,716
764,738
869,805
760,762
798,884
794,736
785,859
785,845
872,828
843,859
738,817
761,787
683,827
737,837
677,709
758,764
710,823
727,813
811,830
774,897
762,777
842,877
825,858
877,856
663,695
649,750
670,820
712,813
784,777
765,736
714,851
836,864
738,851
892,840
754,710
755,817
700,805
803,733
713,753
814,819
805,822
699,712
825,807
666,817
788,767
717,777
866,818
818,749
733,759
838,867
708,851
663,857
682,788
758,818
781,839
802,845
720,820
712,809
735,805
884,854
647,743
696,788
879,888
788,836
694,687
847,887
849,835
864,857
797,816
708,839
685,783
762,822
859,862
862,891
896,898
788,735
810,860
860,870
864,842
763,694
866,856
874,814
673,798
823,865
775,752
828,880
723,826
683,831
748,809
769,826
777,860
823,859
760,775
666,791
726,808
831,846
757,846
698,870
709,870
693,820
662,733
837,861
797,789
802,799
786,839
897,890
665,693
844,828
794,764
824,778
787,767
890,909
810,866
899,880
846,874
646,790
780,790
843,788
811,808
830,767
724,797
850,888
863,842
877,888
819,807
848,865
784,904
845,792
772,777
897,898
859,853
755,828
727,772
775,827
679,699
777,839
703,804
807,845
910,909
878,864
752,738
742,836
825,777
848,869
873,895
766,816
807,858
790,848
739,801
906,885
717,834
883,899
675,828
866,838
807,865
674,848
771,748
848,790
844,852
809,829
755,771
704,855
889,894
713,842
873,887
676,729
906,903
880,871
659,784
880,831
773,866
891,902
691,810
791,892
853,875
782,720
872,812
866,876
698,703
719,711
850,853
891,907
787,831
761,774
757,867
645,745
805,751
761,860
745,856
781,854
887,896
699,735
828,844
838,904
863,864
884,839
871,872
733,808
804,785
808,846
674,821
774,871
868,883
686,686
800,862
855,831
722,737
825,770
774,804
704,780
788,785
829,826
861,877
818,809
909,910
776,860
905,904
663,715
726,786
662,771
771,795
861,831
816,776
778,831
824,798
805,868
897,895
898,909
752,822
689,787
763,834
720,822
766,834
805,825
800,751
854,837
830,848
665,792
799,910
900,876
717,819
792,818
757,824
658,821
688,775
663,845
888,875
672,759
846,887
831,831
826,835
689,740
660,787
788,837
792,774
817,860
830,875
668,815
685,806
859,842
815,846
811,825
847,844
869,805
887,885
728,716
849,822
752,845
672,810
792,795
701,861
754,835
782,738
843,822
881,908
807,846
894,849
820,783
704,818
875,867
881,839
839,862
730,737
871,829
743,710
735,867
879,842
655,696
876,861
798,850
708,802
906,902
906,911
690,823
855,814
664,737
768,873
659,785
888,841
909,911
879,818
758,824
779,823
832,872
814,838
811,755
752,851
808,763
699,702
768,824
803,891
698,867
665,819
775,784
706,757
868,832
856,818
830,813
841,869
770,882
788,800
901,906
886,877
781,788
826,770
713,719
720,741
686,818
823,788
743,832
865,834
835,810
664,817
678,820
645,824
753,719
902,902
760,752
883,895
890,856
681,693
766,816
682,831
855,865
698,732
817,817
706,808
675,797
794,734
665,837
774,847
829,882
804,838
879,828
672,853
776,711
736,773
761,761
749,874
805,799
813,798
667,753
904,906
707,788
812,761
705,827
738,855
764,819
788,757
877,852
760,849
777,754
867,868
810,840
889,884
856,862
878,830
791,831
870,901
675,764
710,757
732,770
712,828
844,866
799,764
789,793
888,897
856,849
802,792
820,875
821,817
704,790
901,896
767,704
902,898
890,855
721,799
768,721
683,815
840,880
844,871
716,787
751,804
814,847
780,780
891,878
827,798
774,824
779,895
866,876
793,729
901,882
781,819
716,805
862,877
819,891
683,778
759,817
645,756
754,781
847,908
771,819
711,825
706,775
757,826
886,886
821,852
890,875
840,904
758,805
862,800
773,768
890,904
664,821
737,853
752,731
835,801
791,817
824,859
802,849
823,804
714,772
788,812
762,734
904,887
868,875
735,844
798,862
891,893
764,791
809,854
851,852
815,868
879,887
771,813
870,903
894,904
889,901
890,863
869,840
725,821
877,838
901,883
685,845
897,883
744,890
802,861
795,832
751,821
716,743
860,865
732,718
784,861
728,772
729,766
725,827
713,840
901,898
703,762
880,880
790,792
848,843
881,832
659,764
792,769
732,854
764,833
859,898
768,800
815,888
814,827
715,797
861,858
848,790
879,876
745,880
692,848
902,877
747,818
882,872
816,839
772,799
760,750
775,828
757,877
772,813
795,825
868,887
719,823
860,867
784,821
754,829
796,792
874,840
833,857
659,806
747,855
704,848
772,780
834,823
872,896
720,704
881,866
755,841
748,799
779,817
769,839
695,796
670,737
807,832
768,881
840,872
645,748
851,879
780,768
843,861
901,908
700,774
862,807
730,884
748,856
724,807
714,820
752,830
714,699
719,816
768,838
782,895
682,809
702,837
775,800
722,775
854,844
833,768
790,882
869,867
697,733
694,720
789,771
663,761
784,787
875,867
846,875
684,776
890,889
884,844
785,748
835,833
764,775
779,864
762,790
893,882
687,729
807,847
819,772
706,814
787,743
707,737
845,883
749,837
887,861
678,716
874,887
864,887
801,789
735,801
698,797
752,800
725,848
884,864
736,825
775,816
891,904
834,859
724,857
848,844
839,816
667,740
889,864
699,872
881,880
842,868
793,774
828,830
899,892
853,879
872,849
793,774
724,844
869,851
671,826
686,749
761,826
893,902
803,808
794,811
843,877
646,804
841,867
802,871
837,844
732,713
876,889
807,839
698,841
812,872
862,881
644,713
759,795
825,852
771,820
647,684
816,810
855,836
798,841
699,693
698,744
755,769
748,789
825,856
676,769
878,889
719,864
793,824
824,844
693,823
665,695
757,834
750,782
766,872
822,805
801,789
728,805
843,778
686,781
797,741
774,878
735,890
678,770
815,818
688,826
867,840
713,871
672,870
741,821
824,859
681,720
856,816
786,794
842,880
881,910
852,793
694,800
851,873
887,891
883,845
758,854
844,851
827,881
868,866
749,813
727,860
895,887
720,745
873,879
839,786
882,907
804,887
775,810
699,838
673,828
737,726
767,761
674,844
763,717
702,827
762,843
824,798
906,910
676,695
846,845
775,882
884,872
824,854
899,856
856,846
804,785
657,770
755,825
739,841
796,792
685,799
887,880
704,844
854,893
785,869
675,779
845,867
832,883
680,834
694,816
779,820
769,846
729,792
798,882
855,834
824,880
774,836
703,813
799,815
835,845
657,700
710,806
861,890
720,688
901,890
829,821
705,802
902,907
820,862
726,780
850,786
719,732
820,862
738,714
885,882
839,863
875,879
737,735
866,869
791,843
843,870
887,894
774,886
773,863
884,901
725,869
858,866
769,869
740,823
799,817
751,727
833,793
793,844
903,875
822,901
793,801
869,869
720,867
862,899
748,802
753,836
677,786
745,702
789,814
655,843
796,823
658,826
731,703
661,707
836,832
872,890
766,696
818,895
775,749
827,892
851,842
840,860
901,877
748,763
798,823
845,794
742,794
890,829
825,827
895,881
801,815
905,908
850,825
832,827
874,892
644,736
717,730
802,795
774,802
851,826
690,777
667,823
697,842
653,820
843,850
864,863
691,839
863,885
757,748
644,808
759,816
842,846
680,867
907,886
836,824
682,728
660,725
866,900
780,850
847,862
825,813
711,810
768,844
851,827
701,785
905,908
791,841
897,890
886,823
883,875
829,842
799,787
703,818
708,698
662,781
800,807
731,719
674,848
906,907
809,872
857,814
802,857
806,862
705,723
851,805
855,860
873,895
854,791
806,812
770,768
811,833
853,880
867,898
889,882
684,793
669,816
762,847
664,698
663,798
828,842
721,837
802,797
781,833
834,863
747,719
689,786
835,873
811,804
836,794
806,816
651,714
719,833
685,805
766,749
704,754
822,852
882,858
795,769
775,783
787,852
677,821
902,866
787,843
875,880
769,815
883,901
856,883
744,869
734,760
693,788
727,826
870,860
824,792
749,698
852,815
763,798
877,902
831,815
873,888
726,847
723,774
729,771
715,800
795,853
764,850
781,829
657,826
903,905
753,764
755,767
809,811
684,819
749,840
855,895
733,837
765,859
717,872
778,819
710,807
844,876
897,895
645,782
780,773
899,851
821,849
808,841
808,841
797,822
820,869
865,872
812,784
684,836
859,822
700,837
767,837
746,821
846,892
799,837
776,850
883,893
848,888
785,871
866,832
760,782
904,891
821,906
741,751
745,727
853,849
779,780
702,783
780,756
740,850
783,831
681,837
681,696
713,763
895,906
800,739
683,764
819,855
695,855
650,802
813,855
883,872
710,869
686,737
801,816
880,882
834,874
874,886
755,688
690,751
828,862
836,822
850,867
892,889
829,785
872,895
862,881
676,770
847,804
769,866
834,871
874,830
735,816
707,826
738,777
729,844
826,813
849,879
891,909
743,841
755,778
771,828
648,726
695,813
771,776
644,731
888,835
704,836
790,743
838,844
847,884
861,880
738,853
677,766
779,846
781,841
650,830
688,830
850,813
723,828
780,730
868,818
847,887
834,800
897,894
752,808
825,824
675,816
801,878
701,696
739,812
795,791
796,826
838,813
796,759
705,791
675,793
731,809
690,795
644,792
877,878
664,819
669,864
784,769
815,800
822,851
664,758
687,814
820,792
889,859
702,716
705,690
737,785
820,827
881,860
835,801
796,895
784,814
706,788
892,867
753,700
886,883
875,883
808,812
854,896
697,735
860,900
752,761
778,836
803,876
754,831
852,849
787,833
879,911
688,778
701,825
818,862
679,836
886,875
829,863
879,842
890,854
673,860
645,727
656,834
744,694
667,712
740,712
821,855
814,749
716,786
852,807
844,833
781,823
888,878
680,750
802,850
871,849
884,878
824,867
850,891
842,855
792,828
752,867
747,751
836,846
735,765
782,827
800,733
649,801
891,901
870,880
794,730
793,822
899,897
819,827
882,895
736,736
760,779
677,781
666,795
888,878
653,699
890,910
759,771
763,830
761,826
718,812
770,712
850,822
770,866
786,790
819,829
721,867
772,768
840,870
733,806
896,902
727,736
762,814
877,869
716,794
766,838
833,851
855,875
681,819
695,811
834,791
793,842
690,795
811,824
826,872
735,702
799,860
679,752
647,756
878,886
888,903
674,838
780,876
676,785
836,831
741,724
818,836
886,850
858,824
772,896
787,784
907,899
700,686
783,854
683,813
851,802
738,695
839,856
691,757
905,908
817,847
848,810
646,809
818,817
779,787
813,748
863,861
747,753
798,890
895,862
774,835
754,737
840,831
805,843
783,754
846,799
865,904
731,806
796,797
661,753
828,883
773,819
851,808
658,700
796,765
845,859
700,725
804,852
670,810
722,804
689,828
822,893
821,906
710,776
895,886
696,839
892,845
895,846
855,862
896,908
903,877
893,891
884,870
854,860
858,892
751,862
776,880
705,790
812,776
768,816
827,863
776,887
843,816
906,896
899,894
716,816
770,830
747,807
743,802
819,818
772,820
906,890
862,858
760,813
834,808
833,807
824,824
694,829
772,833
857,878
744,884
825,834
859,883
873,893
731,708
650,785
757,826
776,822
855,826
670,781
852,810
853,852
732,882
710,738
847,873
793,741
665,809
761,893
866,877
825,787
867,861
798,870
740,772
798,867
695,794
891,901
746,845
813,890
775,829
821,863
826,854
769,746
759,818
869,876
893,836
861,889
810,858
792,770
719,805
759,835
737,725
722,841
703,881
867,905
732,761
857,819
784,852
806,821
813,879
720,719
767,870
863,911
744,843
700,741
646,792
692,745
757,837
897,882
815,839
721,739
890,898
866,865
666,821
812,808
893,886
870,880
804,865
866,887
894,834
824,847
800,838
718,829
756,756
806,773
821,873
840,884
791,890
756,774
845,865
688,695
879,910
907,887
662,741
741,822
847,868
758,802
724,819
713,821
712,708
888,899
709,754
734,854
733,705
735,812
741,838
895,882
760,758
814,754
885,870
781,739
854,870
789,858
780,764
772,774
725,719
675,848
742,841
728,805
797,859
847,817
853,887
853,847
765,876
773,828
755,769
872,908
838,774
661,804
842,801
675,750
794,866
737,755
670,861
736,834
702,761
773,826
781,827
832,772
878,893
874,864
824,903
645,801
871,865
771,738
730,811
806,856
731,772
685,750
747,745
886,876
876,898
774,709
674,855
869,900
892,908
765,721
846,824
719,771
851,875
673,776
793,856
850,830
855,794
835,884
693,809
851,848
673,803
869,890
685,863
830,769
832,802
745,868
872,904
663,745
893,845
845,876
808,810
786,856
817,840
780,844
864,859
723,832
818,838
725,753
674,690
768,873
757,738
723,763
905,904
876,882
773,818
733,882
852,870
827,824
688,805
740,706
875,852
780,842
829,778
784,839
790,828
680,684
665,764
830,897
823,781
803,878
778,821
811,908
792,768
802,790
853,863
890,866
886,859
828,813
825,762
711,808
849,808
897,906
778,735
843,886
755,886
853,853
775,864
855,826
802,816
852,838
900,862
673,700
890,876
733,868
766,721
795,793
751,734
672,687
812,747
899,902
847,864
870,880
767,785
812,784
708,706
803,827
852,816
682,822
677,774
853,866
847,896
880,861
863,858
651,770
905,892
839,820
906,899
833,846
777,771
729,728
692,785
676,833
791,808
749,794
842,873
792,746
834,791
794,872
883,902
771,799
753,776
819,862
738,881
835,891
875,887
734,869
821,812
853,827
697,822
830,827
819,830
818,856
781,779
875,906
714,833
892,881
770,767
760,842
713,800
718,866
837,837
701,858
760,800
899,898
884,852
715,778
800,869
811,864
798,816
841,875
678,694
719,782
720,884
880,901
652,749
769,894
660,826
654,818
811,839
790,816
785,791
717,785
823,786
795,826
903,887
804,748
770,856
680,823
714,745
718,808
700,867
701,880
871,868
781,744
650,828
769,846
886,888
652,772
705,719
721,839
788,758
771,779
787,796
862,866
893,834
826,857
883,894
667,814
801,802
776,732
868,818
753,820
899,895
818,804
814,835
807,809
834,849
655,815
789,771
791,763
646,792
831,817
732,715
787,822
800,821
703,809
890,839
782,803
808,843
880,851
754,725
817,899
713,751
764,749
801,792
860,871
819,818
681,725
781,816
662,841
653,860
832,848
645,705
757,733
766,742
692,739
872,812
829,845
725,863
660,774
815,831
731,759
729,693
690,768
700,878
710,860
828,818
754,725
751,839
766,698
819,772
814,791
742,839
712,747
887,870
736,769
880,905
854,881
730,721
674,867
748,840
855,811
757,750
792,811
703,761
728,803
861,869
861,866
809,786
761,692
880,898
763,743
709,757
894,863
814,820
650,851
814,811
876,821
844,842
871,905
848,817
909,911
836,825
860,851
663,773
862,869
802,813
668,751
825,820
657,760
793,745
859,886
715,752
874,894
850,844
670,836
891,872
898,889
710,813
844,828
823,784
781,831
853,907
900,891
881,870
833,885
846,826
790,784
866,880
834,853
725,857
862,840
762,891
761,837
656,767
761,873
795,843
843,813
751,757
813,779
869,867
724,833
786,829
852,895
746,687
890,884
787,853
709,843
653,805
687,811
776,760
766,830
719,728
666,836
837,831
671,804
767,734
839,850
663,765
765,808
868,907
851,863
645,756
698,791
812,892
660,760
861,843
685,836
871,888
801,843
702,728
768,736
876,856
770,884
688,815
905,910
781,723
650,816
792,863
736,715
837,837
828,848
828,874
766,867
854,853
718,807
650,812
756,761
662,838
674,848
801,849
753,833
849,822
690,805
813,846
698,743
810,837
705,883
805,804
783,751
874,843
856,818
729,882
754,878
741,788
807,797
771,895
652,802
863,844
841,897
777,899
695,847
720,752
676,697
736,732
716,835
809,867
773,823
817,850
739,859
667,791
874,847
666,818
766,727
654,798
647,785
802,783
748,720
709,744
748,770
752,719
745,712
816,866
719,782
740,860
791,845
727,832
728,763
802,801
808,778
830,820
796,777
829,864
891,863
830,777
798,813
828,832
779,873
826,849
760,821
876,830
776,814
900,880
851,787
849,857
829,844
836,825
706,724
790,828
726,809
746,865
769,856
711,770
663,860
708,702
802,835
775,754
872,854
796,809
898,887
865,874
748,779
831,840
719,840
909,909
645,817
690,864
677,852
730,866
733,777
650,786
811,903
667,837
750,891
826,829
644,818
798,872
857,847
899,898
812,756
759,744
806,823
852,846
685,801
871,883
855,858
743,798
749,784
821,757
683,711
722,726
868,870
791,819
759,843
806,837
689,812
801,771
686,733
807,774
805,892
649,812
821,851
744,888
739,859
861,847
880,867
880,900
729,785
683,824
822,869
739,708
662,785
896,900
736,827
762,846
837,775
725,779
669,741
692,842
834,872
755,784
884,849
682,785
760,786
754,806
845,838
644,787
703,861
861,821
871,811
772,761
872,873
856,891
882,845
722,764
709,773
703,713
891,881
898,892
904,908
877,860
693,798
844,896
890,879
777,785
766,802
752,704
861,874
826,889
792,871
817,801
894,859
811,881
700,723
893,882
798,776
757,824
760,753
874,857
873,874
826,910
788,874
774,866
875,892
875,867
758,818
731,758
662,756
657,713
894,875
750,685
680,844
723,797
753,783
747,820
898,866
899,902
752,855
716,714
825,815
861,862
812,749
840,889
653,821
885,856
734,833
883,861
827,877
795,840
887,878
906,903
830,839
884,908
753,720
852,789
675,780
898,897
690,737
796,776
708,835
801,827
882,897
754,842
834,854
877,859
801,867
883,911
773,785
838,825
789,799
858,816
822,852
718,813
675,754
695,837
838,810
907,898
869,841
903,890
865,905
666,723
679,723
841,878
646,799
819,816
848,862
718,728
763,750
826,856
746,801
894,845
664,719
876,890
700,724
838,855
871,869
656,853
734,724
886,887
799,885
831,904
868,843
737,840
683,817
884,827
797,795
752,705
740,783
850,889
646,811
804,846
751,838
797,815
849,866
825,829
863,840
811,900
674,828
810,863
703,874
720,749
767,768
725,687
902,873
902,891
823,845
802,842
843,806
875,808
776,870
884,857
809,893
819,784
759,894
829,841
664,788
828,773
802,751
709,878
839,775
772,833
812,864
744,820
906,886
758,811
861,841
717,841
891,847
750,834
692,690
748,698
704,868
782,785
744,872
882,858
853,889
827,818
887,888
715,708
723,856
827,785
838,879
874,870
703,831
873,890
657,691
815,901
677,873
835,804
785,891
742,821
775,845
844,868
873,893
656,793
803,821
843,849
730,782
773,733
756,825
812,781
877,867
743,857
776,817
682,824
657,751
674,730
890,864
894,909
707,760
869,893
734,686
788,788
804,820
738,860
872,903
862,840
779,794
778,726
716,844
903,888
798,852
656,798
803,866
663,766
674,694
785,782
759,743
855,866
733,822
694,731
799,758
861,893
899,884
899,898
687,816
767,762
856,871
794,758
882,840
835,818
727,872
687,767
755,813
846,861
672,793
712,834
715,816
869,894
824,832
868,862
830,878
702,859
799,842
863,859
839,828
680,719
861,878
862,871
773,814
662,838
888,902
729,741
736,835
733,807
789,828
810,814
801,843
733,870
685,872
748,891
893,843
880,896
773,818
736,785
881,878
751,813
651,747
741,786
861,822
713,797
785,765
829,801
659,796
689,875
827,858
654,797
825,855
883,828
774,751
743,772
743,853
667,862
875,904
792,799
850,842
896,906
845,876
883,884
686,744
671,861
721,755
807,846
833,890
735,857
744,826
783,779
690,788
868,875
829,858
735,868
658,848
852,850
897,841
731,743
862,828
704,809
785,880
799,860
873,876
790,883
726,831
870,826
704,824
650,853
790,860
814,887
710,845
759,834
809,838
889,903
910,909
895,848
707,828
823,820
886,876
905,884
824,870
780,897
831,874
863,847
883,885
831,849
666,761
693,866
826,872
644,706
784,852
773,805
885,878
781,830
838,828
807,839
835,901
741,808
733,744
701,864
894,888
806,825
708,838
876,878
741,796
870,855
698,854
739,800
782,714
664,799
733,800
770,865
852,873
729,763
886,902
677,858
838,898
779,878
799,821
769,855
689,749
725,776
752,821
890,909
755,768
806,830
846,836
703,839
848,841
840,889
726,691
841,850
798,818
679,784
879,906
678,875
800,852
852,838
696,729
865,800
709,808
761,800
702,858
750,887
684,832
883,871
848,875
824,860
787,861
742,748
896,885
862,877
675,749
869,861
831,883
795,815
836,869
769,785
657,702
903,887
764,723
888,833
721,689
894,865
898,904
767,833
876,853
660,793
802,809
836,888
787,849
792,815
816,832
853,796
846,892
894,876
713,702
801,866
684,871
746,762
726,772
867,817
874,881
845,841
834,772
736,818
811,796
771,813
852,788
861,900
854,890
837,878
707,753
726,878
789,813
766,820
880,857
673,779
829,818
807,751
669,833
759,762
905,909
666,846
806,838
649,688
806,814
657,737
807,853
803,807
779,775
647,853
668,753
681,788
758,702
798,763
823,886
841,842
656,768
843,865
805,861
665,870
870,871
665,774
644,685
809,849
681,776
884,883
669,716
646,814
887,905
842,834
822,854
691,791
714,834
866,864
670,808
849,816
653,775
842,847
695,819
769,726
901,879
840,790
713,773
809,757
825,873
763,823
663,695
792,825
798,809
756,873
833,852
698,806
824,803
886,873
872,873
730,742
708,782
888,854
704,826
795,728
759,848
724,849
800,816
714,772
832,888
701,793
910,911
808,891
682,767
774,872
879,875
869,871
846,797
833,879
669,795
845,799
764,789
762,852
672,754
864,889
816,837
868,826
759,776
882,881
861,870
833,811
703,859
650,788
788,722
752,768
835,796
863,853
725,774
649,769
816,840
696,725
789,739
717,737
749,837
898,837
765,708
818,837
833,835
871,865
894,886
796,853
761,759
884,891
884,904
663,701
682,805
748,800
772,821
880,891
858,802
785,850
864,881
870,899
672,796
877,900
794,829
686,753
887,900
817,866
860,850
819,897
771,836
856,873
873,834
818,813
757,767
755,880
887,884
676,840
889,885
751,879
787,826
751,718
843,871
725,766
867,881
669,767
653,765
849,895
754,804
784,789
727,832
870,885
870,841
762,774
808,812
731,806
842,844
797,835
896,865
902,892
751,836
721,780
752,811
741,695
787,838
670,799
863,857
860,857
872,843
881,878
688,799
845,906
842,873
827,860
715,703
838,864
838,868
829,879
754,772
764,808
773,775
675,860
849,820
754,883
763,764
807,815
732,799
741,876
900,911
732,807
700,813
855,859
705,698
859,885
854,859
786,789
811,824
755,828
859,873
708,776
821,856
789,840
810,815
733,784
758,771
780,821
742,849
896,899
792,798
742,810
773,834
812,814
731,759
858,875
803,738
848,852
850,817
809,800
748,797
855,884
698,726
774,888
777,892
791,846
907,906
813,785
752,689
719,719
877,880
725,839
789,817
810,856
693,813
768,844
750,773
863,821
746,713
843,905
876,883
706,816
850,837
649,811
802,829
763,827
809,856
791,883
681,762
864,849
700,730
856,813
690,814
899,899
896,853
739,851
874,890
684,844
773,737
786,731
802,795
652,817
751,821
763,838
887,874
760,780
814,833
790,842
816,905
707,751
825,785
893,889
780,834
697,811
814,850
836,856
880,865
815,777
679,747
733,848
799,876
650,842
715,738
865,883
666,775
755,789
862,896
858,856
755,820
861,886
717,770
778,838
807,812
768,846
712,724
894,884
702,721
812,816
884,893
862,872
875,910
891,871
722,848
669,775
906,896
714,772
762,869
737,734
774,862
735,711
792,838
822,910
760,818
681,834
855,873
694,685
745,800
729,818
652,770
727,828
685,750
681,727
762,848
785,809
890,864
767,727
821,823
759,846
698,828
848,845
865,894
807,789
711,832
658,799
777,758
845,846
790,875
799,871
653,853
891,878
754,795
891,851
786,891
647,807
895,896
705,796
743,858
761,720
782,752
790,783
696,854
760,793
705,710
761,773
677,824
875,897
799,843
661,793
747,727
789,803
774,760
762,745
746,853
698,730
783,793
763,799
720,751
796,797
885,839
822,855
795,822
826,849
685,794
735,796
885,868
850,839
770,831
828,889
857,841
649,801
668,732
784,781
882,874
903,872
649,703
773,738
733,823
847,865
717,857
791,800
660,808
676,724
845,797
732,882
881,850
726,835
662,718
778,805
846,847
753,803
771,847
832,770
863,807
760,808
813,880
907,886
759,846
827,831
811,839
841,790
788,896
802,851
773,793
681,773
882,904
872,831
839,841
829,853
745,835
655,863
749,692
789,796
884,891
696,732
792,733
672,781
719,816
814,753
724,731
890,839
852,886
738,771
729,751
826,802
895,903
885,893
778,897
727,837
765,795
653,847
756,851
893,843
718,805
729,822
844,895
824,817
753,834
668,770
876,826
847,837
864,824
838,880
734,720
744,884
883,837
837,864
892,894
881,887
834,853
831,872
813,880
679,809
666,779
786,826
726,741
885,879
771,791
744,856
807,817
875,881
698,825
772,712
715,838
830,872
879,826
765,706
811,883
649,729
776,807
831,864
793,808
860,894
788,851
793,812
664,703
832,872
823,836
824,863
851,824
872,892
845,907
666,791
895,860
724,795
780,840
720,732
662,834
847,787
826,830
801,767
832,861
698,716
789,756
762,854
808,826
830,905
703,834
826,783
765,849
839,906
656,776
812,748
726,696
799,849
872,890
831,887
843,903
659,764
893,873
843,821
838,857
833,852
875,896
694,748
812,758
686,796
645,786
791,864
810,835
764,752
769,787
697,759
730,762
740,879
652,807
675,740
707,747
666,837
827,850
752,759
772,813
829,873
696,861
655,827
882,910
690,800
772,810
832,817
827,856
799,740
731,743
694,850
776,829
818,886
855,823
677,772
754,823
829,769
865,877
644,821
811,798
801,751
817,881
888,904
683,771
822,878
668,803
782,775
803,854
767,756
750,809
875,891
783,900
812,842
865,829
879,864
673,814
648,814
811,788
886,902
872,885
653,800
809,832
833,888
702,775
647,771
779,759
666,779
871,878
776,833
801,835
709,803
775,851
904,899
703,857
651,718
796,854
676,865
842,858
730,822
755,864
707,768
745,813
821,867
815,831
856,886
716,807
819,837
900,875
768,706
833,864
737,866
725,794
811,827
897,885
812,825
743,810
867,874
772,736
733,831
794,836
846,853
689,712
781,773
759,861
741,751
901,867
865,851
786,851
865,856
868,897
836,849
685,691
841,894
872,902
782,743
853,810
744,830
792,825
695,823
807,816
821,808
721,826
732,812
823,853
802,802
897,905
651,817
786,855
696,751
825,851
699,697
830,831
883,897
822,804
777,712
854,827
837,866
800,754
878,826
834,792
838,850
769,784
778,783
881,843
781,729
898,862
661,711
660,686
760,757
853,839
647,766
652,782
861,861
700,856
886,893
817,834
681,732
820,855
661,828
644,747
689,842
760,832
827,780
887,888
697,836
873,881
801,828
817,862
704,807
759,858
685,854
723,832
835,771
683,837
645,818
738,741
814,842
894,907
818,830
747,824
693,850
660,718
808,846
882,840
749,711
783,881
677,815
655,747
701,757
830,874
824,865
858,902
745,699
683,785
883,901
848,864
762,819
847,856
711,735
681,704
722,709
669,825
805,819
752,787
695,843
859,859
780,799
837,772
672,864
879,874
847,887
823,807
829,852
851,857
645,803
809,882
768,810
777,847
672,802
749,838
812,878
649,815
766,837
810,791
715,786
750,780
727,692
667,801
691,842
894,895
688,685
647,791
725,764
872,846
715,818
877,861
856,832
836,834
762,886
789,734
867,870
755,784
780,817
730,782
775,861
805,895
882,905
755,798
725,792
779,832
863,883
899,899
905,909
774,870
878,895
881,855
787,867
700,860
674,835
645,684
796,817
648,705
762,765
711,745
863,871
805,854
709,827
758,886
787,848
864,854
706,778
707,814
764,782
905,892
691,816
832,863
751,717
798,804
701,833
663,773
717,737
815,802
899,911
817,793
818,858
829,867
783,839
749,826
783,851
742,818
901,886
774,795
720,730
779,863
708,872
833,823
765,847
696,761
846,840
869,899
791,874
767,838
767,759
894,854
862,844
865,896
737,754
892,904
667,811
781,803
746,779
689,796
905,893
731,792
764,846
755,798
805,813
702,781
656,828
855,894
848,859
840,812
796,827
674,850
650,778
832,837
733,835
834,810
699,765
748,842
812,828
745,844
700,855
856,879
838,860
854,799
718,836
837,880
876,892
862,902
872,894
829,858
720,696
899,873
901,902
737,814
737,722
766,840
810,826
697,864
778,853
746,846
813,776
724,811
665,699
879,873
744,758
808,865
792,892
847,821
799,823
699,841
806,824
665,750
831,795
668,837
701,756
737,793
769,852
727,841
773,777
659,806
691,798
756,814
824,889
741,807
667,801
887,894
871,879
845,784
889,898
713,870
867,870
818,849
790,904
751,756
676,710
722,814
885,827
674,814
906,895
817,846
735,727
723,852
676,708
753,839
648,782
827,900
797,824
831,782
732,851
795,871
687,786
690,878
768,791
868,896
766,831
